<?xml version="1.0" encoding="UTF-8"?>
<spawns>
	<spawn_map map_id="600200000">
	    <!-- Archon Destroyer -->
		<spawn npc_id="241315" respawn_time="10">
			<spot x="487.52536" y="2597.0127" z="280.51782" h="13"/>
			<spot x="481.46637" y="2582.0767" z="280.25842" h="13"/>
			<spot x="438.3545" y="2598.3867" z="281.75" h="25"/>
			<spot x="432.1425" y="2615.465" z="281.75" h="85"/>
			<spot x="416.049" y="2569.1775" z="284.75" h="23"/>
			<spot x="446.91043" y="2650.863" z="284.75" h="83"/>
		</spawn>
		<!-- Archon Guard Elite -->
		<spawn npc_id="241316" respawn_time="10">
			<spot x="457.72302" y="2646.9006" z="284.75" h="83"/>
			<spot x="425.03827" y="2565.2937" z="284.75" h="23"/>
		</spawn>
		<!-- Archon Guard Elite -->
		<spawn npc_id="241318" respawn_time="10">
			<spot x="486.97308" y="2599.9563" z="281.23907" h="113"/>
			<spot x="485.20956" y="2594.4358" z="280.16977" h="113"/>
			<spot x="481.11353" y="2585.1848" z="280.34662" h="113"/>
			<spot x="479.19568" y="2579.6667" z="281.0969" h="113"/>
		</spawn>
		<!-- Archon Guard Elite -->
		<spawn npc_id="241319" respawn_time="10">
			<spot x="412.13956" y="2623.2566" z="284.72382" h="113"/>
			<spot x="407.6538" y="2610.5952" z="284.75" h="113"/>
		</spawn>
		<!-- Aetos Legionnaire -->
		<spawn npc_id="241444" respawn_time="10">
			<spot x="387.11972" y="356.59744" z="369.25" h="45"/>
			<spot x="368.2974" y="392.4604" z="366.5" h="45"/>
			<spot x="359.50885" y="401.75424" z="366.5" h="105"/>
			<spot x="324.82126" y="420.86307" z="369.25" h="105"/>
			<spot x="400.8518" y="419.42377" z="366.3371" h="15"/>
			<spot x="387.86975" y="432.6482" z="366.43463" h="15"/>
		</spawn>
		<!-- Guard Elite -->
		<spawn npc_id="241445" respawn_time="10">
			<spot x="393.14264" y="362.4429" z="369.25" h="45"/>
			<spot x="331.56854" y="427.6946" z="369.25" h="105"/>
		</spawn>
		<!-- Guard Elite -->
		<spawn npc_id="241446" respawn_time="10">
			<spot x="350.30463" y="392.84937" z="366.5" h="105"/>
		</spawn>
		<!-- Guard Elite -->
		<spawn npc_id="241447" respawn_time="10">
			<spot x="336.48026" y="377.53033" z="369.25" h="16"/>
			<spot x="344.41092" y="369.00214" z="369.2243" h="16"/>
		</spawn>
		<!-- Guard Elite -->
		<spawn npc_id="241448" respawn_time="10">
			<spot x="389.39944" y="429.6401" z="366.25336" h="15"/>
			<spot x="397.74167" y="420.87723" z="366.27243" h="15"/>
			<spot x="402.24466" y="416.69302" z="366.3597" h="15"/>
			<spot x="384.75967" y="434.02686" z="366.70084" h="15"/>
		</spawn>
		<!-- Raider of the Asmodian Troop -->
		<spawn npc_id="241322" respawn_time="10">
			<spot x="1915.1345" y="562.0436" z="211.0" h="90"/>
			<spot x="1944.2756" y="554.21155" z="211.41129" h="90"/>
			<spot x="1960.6388" y="545.31866" z="217.74734" h="90"/>
			<spot x="1926.6454" y="533.48425" z="211.375" h="89"/>
			<spot x="1914.6097" y="528.2823" z="211.51227" h="89"/>
			<spot x="1965.2649" y="524.59204" z="213.8027" h="89"/>
			<spot x="1936.4061" y="512.95166" z="210.63708" h="89"/>
			<spot x="1921.7186" y="512.4562" z="212.03517" h="89"/>
			<spot x="1921.7186" y="512.4562" z="212.03517" h="90"/>
			<spot x="1936.4061" y="512.95166" z="210.63708" h="90"/>
		</spawn>
		<!-- Staff Officer of the Asmodian Troop -->
		<spawn npc_id="209631" respawn_time="10">
			<spot x="1923.9888" y="595.044" z="211.06522" h="93"/>
			<spot x="1954.8268" y="498.1478" z="211.98758" h="97"/>
			<spot x="1952.8525" y="497.87592" z="211.71605" h="45"/>
			<spot x="1901.1584" y="593.6887" z="211.24182" h="105"/>
		</spawn>
		<!-- Raider of the Asmodian Infiltration Squad -->
		<spawn npc_id="231483" respawn_time="10">
			<spot x="1487.068" y="547.24994" z="197.68553" h="94"/>
			<spot x="1455.1216" y="545.19806" z="197.375" h="92"/>
			<spot x="1447.151" y="517.94415" z="196.875" h="6"/>
			<spot x="1450.5029" y="456.88544" z="200.1282" h="4"/>
			<spot x="1529.6987" y="556.1576" z="196.64233" h="57"/>
			<spot x="1495.9478" y="447.47397" z="197.56905" h="27"/>
			<spot x="1512.7828" y="471.91666" z="199.1032" h="7"/>
			<spot x="1463.4116" y="416.06598" z="197.83823" h="80"/>
			<spot x="1530.351" y="501.96158" z="198.53769" h="84"/>
		</spawn>
		<!-- Archon Patrol -->
		<spawn npc_id="241322" respawn_time="10">
			<spot x="599.13885" y="1645.2971" z="324.09998" h="105"/>
			<spot x="620.4317" y="1655.4691" z="324.87747" h="90"/>
			<spot x="570.07556" y="1690.9886" z="324.125" h="45"/>
			<spot x="574.2234" y="1702.9486" z="324.125" h="45"/>
			<spot x="2874.657" y="2423.7668" z="313.77774" h="33"/>
			<spot x="2880.7983" y="2424.5515" z="313.72833" h="33"/>
			<spot x="2902.1313" y="2430.914" z="313.7223" h="36"/>
			<spot x="2906.957" y="2433.1333" z="313.72012" h="36"/>
			<spot x="2907.4697" y="2552.715" z="313.7707" h="75"/>
			<spot x="2902.9539" y="2557.3867" z="313.76996" h="75"/>
			<spot x="2925.0586" y="2539.0066" z="313.73157" h="73"/>
			<spot x="2929.0134" y="2534.7532" z="313.68854" h="73"/>
			<spot x="2877.916" y="2572.4817" z="313.75745" h="78"/>
			<spot x="2882.8875" y="2569.584" z="313.75998" h="78"/>
			<spot x="2851.1047" y="2420.6404" z="313.72485" h="30"/>
			<spot x="2845.2136" y="2420.7168" z="313.72507" h="30"/>
		</spawn>
		<!-- Archon Centurion -->
		<spawn npc_id="209577" respawn_time="10">
			<spot x="597.5525" y="1687.5344" z="324.125" h="75"/>
			<spot x="2989.1174" y="2463.6514" z="316.21338" h="25"/>
			<spot x="2994.118" y="2462.4048" z="316.21332" h="56"/>
			<spot x="2938.3516" y="2484.175" z="315.08774" h="56"/>
			<spot x="2936.4312" y="2475.778" z="315.08774" h="56"/>
			<spot x="2984.4087" y="2464.8015" z="316.21338" h="25"/>
			<spot x="2996.0383" y="2470.8018" z="316.21725" h="56"/>
			<spot x="2986.329" y="2473.1985" z="316.2172" h="85"/>
			<spot x="2991.0378" y="2472.0483" z="316.21725" h="85"/>
			<spot x="2808.1362" y="2497.5933" z="310.18472" h="26"/>
			<spot x="2811.6467" y="2515.8435" z="310.18478" h="86"/>
			<spot x="2736.2415" y="2505.7222" z="303.5" h="55"/>
			<spot x="2742.3296" y="2537.6145" z="303.5" h="55"/>
		</spawn>
		<!-- Archon Soldier -->
		<spawn npc_id="209633" respawn_time="10">
			<spot x="610.90643" y="1635.7513" z="323.875" h="90"/>
			<spot x="2752.2893" y="2483.0664" z="303.875" h="33"/>
			<spot x="2746.0793" y="2481.4434" z="303.875" h="33"/>
			<spot x="2766.6768" y="2551.8162" z="304.1634" h="75"/>
			<spot x="2761.5728" y="2556.8994" z="304.25" h="75"/>
		</spawn>
		<!-- Archon Centurion -->
		<spawn npc_id="209582" respawn_time="10">
			<spot x="579.57" y="1664.7489" z="324.125" h="75"/>
			<spot x="2905.8933" y="2473.4758" z="313.829" h="25"/>
			<spot x="2911.0022" y="2499.1892" z="313.829" h="85"/>
		</spawn>
		<!-- Archon Soldier -->
		<spawn npc_id="209630" respawn_time="10">
			<spot x="2902.462" y="2472.2937" z="313.829" h="25"/>
			<spot x="2908.0288" y="2470.5068" z="313.829" h="25"/>
			<spot x="2908.4778" y="2501.34" z="313.829" h="85"/>
			<spot x="2914.046" y="2500.1755" z="313.82895" h="85"/>
		</spawn>
		<!-- Archon Centurion -->
		<spawn npc_id="209575" respawn_time="10">
		    <spot x="609.8540" y="1634.10" z="323.875" h="91"/>
			<spot x="606.50867" y="1661.6271" z="324.0" h="97"/>
			<spot x="589.8949" y="1694.7882" z="324.125" h="90"/>
			<spot x="472.31363" y="2594.2063" z="281.7108" h="115"/>
			<spot x="2916.699" y="2504.1848" z="313.65396" h="29"/>
			<spot x="2867.4963" y="2431.1116" z="313.80286" h="4"/>
			<spot x="2816.6382" y="2506.2102" z="309.86795" h="117"/>
			<spot x="2775.2712" y="2491.661" z="310.0442" h="94"/>
			<spot x="2791.055" y="2543.5544" z="310.0442" h="79"/>
		</spawn>
		<!-- Archon Soldier -->
		<spawn npc_id="243393" respawn_time="10">
			<spot x="604.3613" y="1662.0232" z="324.00146" h="98"/>
			<spot x="608.1571" y="1663.233" z="324.07706" h="97"/>
			<spot x="470.68723" y="2593.0232" z="281.75" h="119"/>
			<spot x="471.11627" y="2596.833" z="281.75" h="115"/>
			<spot x="2426.1665" y="2504.5623" z="296.5104" h="65"/>
			<spot x="2424.5793" y="2502.2212" z="296.44342" h="65"/>
			<spot x="2430.4253" y="2506.5925" z="296.77658" h="63"/>
			<spot x="2428.7063" y="2504.1934" z="296.66913" h="63"/>
			<spot x="2774.128" y="2516.1577" z="309.868" h="117"/>
			<spot x="2773.26" y="2512.2559" z="309.868" h="117"/>
			<spot x="2786.3699" y="2540.3547" z="310.04422" h="18"/>
			<spot x="2790.21" y="2538.8652" z="310.04422" h="18"/>
			<spot x="2787.2087" y="2454.4038" z="310.04416" h="43"/>
			<spot x="2789.96" y="2457.3242" z="310.04416" h="43"/>
			<spot x="2914.6042" y="2502.1748" z="313.64963" h="28"/>
			<spot x="2918.588" y="2501.855" z="313.6529" h="96"/>
			<spot x="2865.0195" y="2428.5605" z="313.77856" h="5"/>
			<spot x="2865.0967" y="2432.6858" z="313.78958" h="4"/>
			<spot x="2817.2014" y="2504.3655" z="309.86795" h="112"/>
			<spot x="2818.8435" y="2507.7847" z="309.86795" h="1"/>
			<spot x="2776.9287" y="2493.925" z="310.04416" h="93"/>
			<spot x="2773.0996" y="2492.383" z="310.0442" h="93"/>
			<spot x="2794.4016" y="2544.8318" z="310.04416" h="80"/>
			<spot x="2790.5503" y="2546.3572" z="310.04416" h="79"/>
		</spawn>
		<!-- Archon Soldier -->
		<spawn npc_id="243394" respawn_time="10">
			<spot x="562.4425" y="1642.5085" z="324.1778" h="71"/>
			<spot x="555.0926" y="1654.1759" z="324.1778" h="71"/>
			<spot x="460.19528" y="2587.7654" z="282.00204" h="113"/>
			<spot x="465.19934" y="2605.561" z="281.82812" h="113"/>
			<spot x="445.0649" y="2583.6558" z="284.6734" h="18"/>
			<spot x="457.9012" y="2619.3225" z="284.75" h="85"/>
			<spot x="424.32428" y="2633.2534" z="284.70334" h="90"/>
			<spot x="409.12064" y="2594.9463" z="284.75" h="6"/>
			<spot x="2805.1045" y="2496.908" z="310.1849" h="26"/>
			<spot x="2809.228" y="2517.469" z="310.18503" h="86"/>
			<spot x="2773.7957" y="2496.0342" z="310.1856" h="116"/>
			<spot x="2775.1702" y="2504.0857" z="310.18564" h="43"/>
			<spot x="2779.5515" y="2523.5874" z="310.17776" h="70"/>
			<spot x="2781.2168" y="2531.6213" z="310.18567" h="116"/>
			<spot x="2738.2253" y="2508.161" z="303.5" h="50"/>
			<spot x="2737.1968" y="2502.0938" z="303.5" h="37"/>
			<spot x="2743.5525" y="2534.2532" z="303.5" h="82"/>
			<spot x="2744.581" y="2540.3203" z="303.5" h="83"/>
		</spawn>
		<!-- Archon Soldier -->
		<spawn npc_id="209634" respawn_time="10">
			<spot x="584.6129" y="1653.4104" z="324.125" h="75"/>
			<spot x="570.1165" y="1670.5062" z="324.125" h="75"/>
			<spot x="2816.702" y="2501.3499" z="309.86795" h="87"/>
			<spot x="2820.2483" y="2500.2441" z="309.88705" h="86"/>
			<spot x="2883.0022" y="2495.691" z="309.97763" h="25"/>
			<spot x="2886.4465" y="2494.2563" z="309.98523" h="26"/>
		</spawn>
		<!-- Archon Soldier -->
		<spawn npc_id="209580" respawn_time="10">
			<spot x="556.0291" y="1646.0364" z="324.1778" h="71"/>
			<spot x="2765.972" y="2555.913" z="304.25" h="75"/>
			<spot x="2749.9106" y="2480.035" z="303.875" h="33"/>
			<spot x="2810.6204" y="2495.8918" z="310.18488" h="26"/>
			<spot x="2814.5452" y="2516.448" z="310.1848" h="86"/>
		</spawn>
		<!-- Archon Centurion -->
		<spawn npc_id="231199" respawn_time="10">
			<spot x="606.07227" y="1668.9475" z="324.125" h="45"/>
			<spot x="2884.4976" y="2497.3335" z="309.97113" h="27"/>
			<spot x="556.190" y="1695.630" z="324.761" h="48"/>
			<spot x="560.042" y="1704.570" z="324.750" h="59"/>
		</spawn>
		<!-- Fighter of the Elyos Infiltration Squad -->
		<spawn npc_id="241463" respawn_time="10">
			<spot x="1338.8569" y="2405.4263" z="198.40807" h="45"/>
			<spot x="1326.465" y="2380.5242" z="204.8424" h="30"/>
			<spot x="1363.0173" y="2419.1865" z="198.25" h="20"/>
			<spot x="1382.7535" y="2429.2563" z="198.70045" h="75"/>
			<spot x="1389.6486" y="2457.1926" z="198.24135" h="75"/>
			<spot x="1387.9279" y="2484.0151" z="197.37595" h="105"/>
			<spot x="1421.265" y="2389.3267" z="198.625" h="90"/>
			<spot x="1443.3861" y="2388.0027" z="198.62517" h="75"/>
			<spot x="1425.4713" y="2367.5764" z="198.63199" h="30"/>
			<spot x="1439.1582" y="2357.0369" z="198.625" h="69"/>
			<spot x="1461.5334" y="2372.247" z="198.72084" h="60"/>
		</spawn>
		<!-- Guardian Soldier -->
		<spawn npc_id="241327" respawn_time="10">
			<spot x="2580.318" y="587.20667" z="319.75272" h="105"/>
			<spot x="2587.2446" y="594.1083" z="319.6206" h="105"/>
			<spot x="557.6078" y="1335.9998" z="322.52454" h="75"/>
			<spot x="551.0519" y="1350.8779" z="321.69513" h="75"/>
			<spot x="613.28625" y="1362.5809" z="321.25" h="0"/>
			<spot x="607.129" y="1392.6962" z="322.69305" h="45"/>
			<spot x="613.6173" y="1378.706" z="321.30957" h="0"/>
			<spot x="2632.4373" y="439.9795" z="323.297" h="30"/>
			<spot x="2626.7068" y="441.4917" z="323.30005" h="30"/>
			<spot x="2579.1877" y="462.87454" z="323.30273" h="21"/>
			<spot x="2574.9854" y="465.3498" z="323.3021" h="21"/>
			<spot x="2604.9895" y="449.04858" z="323.31207" h="25"/>
			<spot x="2599.778" y="450.7863" z="323.354" h="25"/>
			<spot x="2709.093" y="508.60397" z="323.2635" h="56"/>
			<spot x="2702.503" y="536.0147" z="323.34546" h="63"/>
			<spot x="2708.8188" y="514.863" z="323.30704" h="56"/>
			<spot x="2692.1562" y="563.63214" z="323.33694" h="73"/>
			<spot x="2690.3857" y="570.2034" z="323.32962" h="73"/>
		</spawn>
		<!-- Guardian Centurion -->
		<spawn npc_id="241328" respawn_time="10">
			<spot x="2588.873" y="548.5287" z="319.76132" h="33"/>
			<spot x="2604.9214" y="562.62573" z="319.76132" h="75"/>
			<spot x="2538.3018" y="600.8714" z="312.66302" h="45"/>
			<spot x="2558.1143" y="618.55963" z="312.75" h="45"/>
			<spot x="589.29254" y="1358.523" z="321.25" h="31"/>
			<spot x="2718.7134" y="412.21063" z="325.78952" h="45"/>
			<spot x="2711.4724" y="420.60007" z="325.78934" h="15"/>
			<spot x="2718.071" y="426.43338" z="325.7936" h="75"/>
			<spot x="2714.6123" y="416.92847" z="325.78937" h="15"/>
			<spot x="2725.312" y="418.04395" z="325.79373" h="45"/>
			<spot x="2721.211" y="422.76178" z="325.7936" h="75"/>
			<spot x="2679.5737" y="456.60406" z="324.66418" h="45"/>
			<spot x="2686.4941" y="463.0498" z="324.66415" h="45"/>
		</spawn>
		<!-- Guardian Centurion -->
		<spawn npc_id="241445" respawn_time="10">
			<spot x="2653.4846" y="472.4302" z="323.40546" h="15"/>
			<spot x="2673.7617" y="491.03006" z="323.40543" h="75"/>
		</spawn>
		<!-- Guardian Soldier -->
		<spawn npc_id="241446" respawn_time="10">
			<spot x="2654.849" y="469.1687" z="323.40543" h="15"/>
			<spot x="2650.1445" y="474.08148" z="323.40543" h="15"/>
			<spot x="2672.441" y="494.21286" z="323.40543" h="75"/>
		</spawn>
		<!-- Guardian Centurion -->
		<spawn npc_id="241448" respawn_time="10">
			<spot x="370.70786" y="403.59958" z="366.5" h="75"/>
			<spot x="575.57996" y="1353.5321" z="321.27625" h="60"/>
		</spawn>
		<!-- Guardian Soldier -->
		<spawn npc_id="241449" respawn_time="10">
			<spot x="2557.7522" y="566.4883" z="319.62064" h="80"/>
			<spot x="2561.117" y="564.35406" z="319.62064" h="80"/>
			<spot x="2559.9158" y="594.3106" z="317.9194" h="105"/>
			<spot x="2591.5203" y="591.3116" z="319.6207" h="80"/>
			<spot x="2588.969" y="593.47473" z="319.6206" h="63"/>
			<spot x="2563.2183" y="596.59" z="318.18146" h="105"/>
			<spot x="2528.582" y="622.7011" z="309.11005" h="107"/>
			<spot x="2531.3523" y="622.94037" z="309.46432" h="107"/>
			<spot x="2284.4731" y="765.194" z="266.26724" h="91"/>
			<spot x="2288.4473" y="765.2769" z="266.69147" h="91"/>
			<spot x="2596.4807" y="458.70676" z="323.37036" h="114"/>
			<spot x="2598.4158" y="462.24615" z="323.378" h="114"/>
			<spot x="2694.8044" y="520.08856" z="323.33978" h="28"/>
			<spot x="2690.8572" y="520.5151" z="323.35312" h="28"/>
		</spawn>
		<!-- Guardian Soldier -->
		<spawn npc_id="241455" respawn_time="10">
			<spot x="2542.9978" y="601.0857" z="312.716" h="45"/>
			<spot x="2557.9578" y="613.9404" z="312.63235" h="45"/>
			<spot x="2562.5374" y="618.7782" z="312.75" h="45"/>
			<spot x="573.9411" y="1410.4972" z="321.38098" h="45"/>
			<spot x="586.83057" y="1413.1322" z="321.38086" h="15"/>
			<spot x="349.97986" y="363.87344" z="369.00916" h="15"/>
			<spot x="335.48962" y="387.22293" z="367.8414" h="0"/>
			<spot x="388.45505" y="410.78238" z="366.5489" h="15"/>
			<spot x="386.58646" y="392.43634" z="368.88156" h="15"/>
			<spot x="380.9578" y="421.46362" z="366.76605" h="15"/>
		</spawn>
		<!-- Guardian Soldier -->
		<spawn npc_id="241460" respawn_time="10">
			<spot x="2600.9614" y="550.3656" z="319.44446" h="73"/>
			<spot x="2603.2651" y="547.4224" z="319.50827" h="73"/>
			<spot x="594.85205" y="1390.8206" z="321.51624" h="65"/>
			<spot x="579.2464" y="1416.2821" z="321.33054" h="40"/>
			<spot x="562.7615" y="1379.1658" z="321.25" h="15"/>
		</spawn>
		<!-- Guardian Soldier -->
		<spawn npc_id="241326" respawn_time="10">
			<spot x="2531.0537" y="568.3639" z="313.875" h="28"/>
			<spot x="2590.2092" y="621.69586" z="313.75" h="66"/>
		</spawn>
		<!-- Guardian Centurion -->
		<spawn npc_id="241451" respawn_time="10">
			<spot x="2600.5308" y="546.849" z="319.44446" h="74"/>
			<spot x="562.00256" y="1391.9651" z="321.25" h="96"/>
		</spawn>
		<!-- Guard Elite -->
		<spawn npc_id="209560" respawn_time="10">
			<spot x="2692.46" y="490.505" z="323.377" h="55"/>
			<spot x="2688.78" y="481.789" z="323.377" h="50"/>
		</spawn>
		<!-- Archon Shadow -->
		<spawn npc_id="209574" respawn_time="10">
			<spot x="2925.07" y="2509.63" z="313.8" h="70"/>
			<spot x="2929.22" y="2501.52" z="313.8" h="64"/>
        </spawn>
		<!-- Elyos Trap -->
		<spawn npc_id="703075" respawn_time="295">
			<spot x="1326.674" y="2476.8345" z="197.14955" h="0" entity_id="2189"/>
			<spot x="1331.0966" y="2468.1538" z="197.62746" h="0" entity_id="1344"/>
			<spot x="1351.3167" y="2467.7905" z="198.54271" h="0" entity_id="213"/>
			<spot x="1346.0398" y="2458.3325" z="198.47922" h="0" entity_id="733"/>
			<spot x="1313.3053" y="2421.9075" z="197.50377" h="0" entity_id="2188"/>
			<spot x="1328.7992" y="2427.9038" z="198.29996" h="0" entity_id="1349"/>
			<spot x="1336.4596" y="2409.125" z="198.34903" h="0" entity_id="2187"/>
			<spot x="1371.1581" y="2450.4517" z="197.875" h="0" entity_id="110"/>
			<spot x="1352.3171" y="2402.4958" z="198.65599" h="0" entity_id="2193"/>
			<spot x="1365.7867" y="2426.0525" z="198.25" h="0" entity_id="216"/>
			<spot x="1378.2429" y="2479.1184" z="197.90012" h="0" entity_id="867"/>
			<spot x="1395.033" y="2464.3428" z="198.02142" h="0" entity_id="868"/>
			<spot x="1405.1755" y="2462.1309" z="197.91978" h="0" entity_id="2191"/>
		</spawn>
		<!-- Asmodian Trap -->
		<spawn npc_id="703064" respawn_time="295">
			<spot x="1600.6307" y="628.8618" z="203.8353" h="0" entity_id="2184"/>
			<spot x="1614.4796" y="608.65826" z="199.23726" h="0" entity_id="2177"/>
			<spot x="1549.644" y="606.4498" z="197.7731" h="0" entity_id="2186"/>
			<spot x="1572.7784" y="589.07153" z="197.9108" h="0" entity_id="2176"/>
			<spot x="1503.8694" y="581.66345" z="197.47151" h="0" entity_id="2180"/>
			<spot x="1526.0128" y="574.5008" z="197.2496" h="0" entity_id="1718"/>
			<spot x="1548.2289" y="567.1644" z="197.25" h="0" entity_id="979"/>
			<spot x="1496.0758" y="556.08374" z="197.36047" h="0" entity_id="2181"/>
			<spot x="1515.7528" y="552.3795" z="198.04558" h="0" entity_id="1530"/>
			<spot x="1466.8026" y="550.9649" z="197.375" h="0" entity_id="2183"/>
			<spot x="1493.4607" y="535.00824" z="199.66998" h="0" entity_id="2182"/>
			<spot x="1523.893" y="527.6378" z="200.54648" h="0" entity_id="1532"/>
			<spot x="1533.9299" y="539.0887" z="197.6931" h="0" entity_id="1529"/>
		</spawn>
		<!-- MOBS -->
		<spawn npc_id="241652" respawn_time="295">
			<spot x="2341.8975" y="677.65424" z="278.6413" h="91" random_walk="1"/>
			<spot x="2328.9338" y="546.85785" z="265.27502" h="0" random_walk="1"/>
			<spot x="2265.3916" y="549.67145" z="259.5" h="48" random_walk="1"/>
			<spot x="2221.8455" y="656.915" z="266.1217" h="0" random_walk="1"/>
			<spot x="2257.4624" y="596.71814" z="259.8414" h="26" random_walk="1"/>
			<spot x="2230.226" y="714.7356" z="267.4576" h="110" random_walk="1"/>
			<spot x="2326.5708" y="554.4168" z="265.54312" h="119" random_walk="1"/>
			<spot x="2274.142" y="542.42236" z="259.2904" h="116" random_walk="1"/>
			<spot x="2213.5107" y="517.42487" z="259.5" h="118" random_walk="1"/>
			<spot x="2244.3745" y="475.5132" z="261.0492" h="0" random_walk="1"/>
			<spot x="2290.547" y="366.36914" z="275.09644" h="0" random_walk="1"/>
			<spot x="2358.3313" y="372.63852" z="266.60358" h="113" random_walk="1"/>
			<spot x="2314.4653" y="381.00146" z="273.75" h="0" random_walk="1"/>
			<spot x="2185.79" y="729.7467" z="259.86728" h="104" random_walk="1"/>
		</spawn>
		<spawn npc_id="241653" respawn_time="295">
			<spot x="2209.2954" y="602.97107" z="261.31418" h="0" random_walk="1"/>
			<spot x="2145.3145" y="727.12195" z="263.51" h="91" random_walk="1"/>
			<spot x="2155.9749" y="801.3584" z="259.0437" h="77" random_walk="1"/>
			<spot x="2270.9954" y="619.65173" z="264.75" h="90" random_walk="1"/>
			<spot x="2268.7007" y="573.6444" z="258.9548" h="56" random_walk="1"/>
			<spot x="2240.217" y="561.6524" z="260.34225" h="84" random_walk="1"/>
			<spot x="2218.0852" y="553.2116" z="258.57043" h="98" random_walk="1"/>
			<spot x="2249.7517" y="504.583" z="260.031" h="25" random_walk="1"/>
			<spot x="2225.099" y="517.7008" z="259.4416" h="0" random_walk="1"/>
			<spot x="2179.6304" y="523.6024" z="258.44495" h="20" random_walk="1"/>
			<spot x="2214.5623" y="475.77722" z="259.73608" h="6" random_walk="1"/>
			<spot x="2196.985" y="768.49194" z="256.875" h="30" random_walk="1"/>
		</spawn>
		<spawn npc_id="241654" respawn_time="295">
			<spot x="2316.1287" y="592.0479" z="269.2592" h="10" random_walk="1"/>
			<spot x="2316.8665" y="576.2564" z="267.31558" h="0" random_walk="1"/>
			<spot x="2307.372" y="584.7838" z="268.13037" h="0" random_walk="1"/>
			<spot x="2165.9915" y="694.6358" z="261.0858" h="17" random_walk="1"/>
			<spot x="2161.9702" y="683.1444" z="262.66495" h="107" random_walk="1"/>
			<spot x="2142.4905" y="703.34705" z="262.0637" h="62" random_walk="1"/>
			<spot x="2132.9365" y="704.86163" z="263.73938" h="99" random_walk="1"/>
			<spot x="2130.4517" y="782.151" z="267.65588" h="82" random_walk="1"/>
			<spot x="2204.1094" y="633.828" z="264.51816" h="15" random_walk="1"/>
			<spot x="2142.8132" y="782.4177" z="265.36258" h="7" random_walk="1"/>
		</spawn>
		<spawn npc_id="241655" respawn_time="295">
			<spot x="2234.4087" y="789.3079" z="261.43594" h="90" random_walk="1"/>
			<spot x="2192.7903" y="807.1684" z="260.98645" h="88" random_walk="1"/>
			<spot x="2288.2905" y="835.69934" z="260.16467" h="118" random_walk="1"/>
			<spot x="2175.951" y="888.8276" z="263.03204" h="77" random_walk="1"/>
			<spot x="2144.2168" y="876.1361" z="270.23233" h="114" random_walk="1"/>
			<spot x="2097.2148" y="866.14417" z="271.04553" h="42" random_walk="1"/>
			<spot x="2205.0374" y="972.9117" z="248.18915" h="62" random_walk="1"/>
			<spot x="2202.489" y="1022.4663" z="247.44742" h="0" random_walk="1"/>
			<spot x="2253.6282" y="1021.32574" z="243.90607" h="45" random_walk="1"/>
			<spot x="2338.9402" y="1022.1346" z="242.10329" h="21" random_walk="1"/>
			<spot x="2361.8335" y="1069.3687" z="230.22473" h="22" random_walk="1"/>
			<spot x="2433.9924" y="1074.134" z="230.35916" h="95" random_walk="1"/>
			<spot x="2400.4126" y="1139.511" z="227.7437" h="106" random_walk="1"/>
			<spot x="2485.5103" y="1027.8823" z="238.19058" h="96" random_walk="1"/>
			<spot x="2297.1375" y="644.2277" z="265.7387" h="114" random_walk="1"/>
			<spot x="2282.8398" y="688.3138" z="267.6967" h="49" random_walk="1"/>
			<spot x="2309.6191" y="755.9693" z="272.5056" h="0" random_walk="1"/>
			<spot x="2279.691" y="685.264" z="266.87646" h="0" random_walk="1"/>
			<spot x="2286.4746" y="823.3113" z="260.98758" h="1" random_walk="1"/>
			<spot x="2194.1519" y="824.0132" z="261.85773" h="115" random_walk="1"/>
		</spawn>
		<spawn npc_id="241656" respawn_time="295">
			<spot x="2248.2397" y="748.03784" z="266.26263" h="52" random_walk="1"/>
			<spot x="2251.2021" y="765.7438" z="265.05023" h="98" random_walk="1"/>
			<spot x="2233.7908" y="869.1411" z="263.0569" h="87" random_walk="1"/>
			<spot x="2271.6313" y="843.5249" z="258.52304" h="97" random_walk="1"/>
			<spot x="2298.2446" y="788.70776" z="263.00757" h="112" random_walk="1"/>
			<spot x="2276.9019" y="844.9953" z="258.2719" h="29" random_walk="1"/>
			<spot x="2303.1174" y="787.4952" z="263.58868" h="33" random_walk="1"/>
			<spot x="2222.7803" y="885.81775" z="268.7565" h="69" random_walk="1"/>
			<spot x="2181.0874" y="912.972" z="258.6488" h="16" random_walk="1"/>
			<spot x="2234.757" y="941.4451" z="257.51236" h="97" random_walk="1"/>
			<spot x="2183.4788" y="925.30023" z="255.6037" h="76" random_walk="1"/>
			<spot x="2177.3552" y="997.42444" z="247.875" h="0" random_walk="1"/>
			<spot x="2221.7937" y="1020.0186" z="246.51173" h="36" random_walk="1"/>
			<spot x="2233.1616" y="1058.3877" z="245.72577" h="46" random_walk="1"/>
			<spot x="2331.322" y="1048.7661" z="240.91187" h="77" random_walk="1"/>
			<spot x="2337.0747" y="1046.2882" z="239.66415" h="88" random_walk="1"/>
			<spot x="2431.94" y="1103.8369" z="227.58453" h="1" random_walk="1"/>
			<spot x="2473.9993" y="1083.6233" z="240.65569" h="78" random_walk="1"/>
			<spot x="2297.2576" y="780.5973" z="264.7253" h="100" random_walk="1"/>
			<spot x="2301.5564" y="800.89276" z="261.5692" h="52" random_walk="1"/>
			<spot x="2283.7168" y="842.4505" z="258.98495" h="71" random_walk="1"/>
			<spot x="2269.751" y="849.9334" z="257.92532" h="59" random_walk="1"/>
			<spot x="2242.2886" y="869.2572" z="262.33206" h="87" random_walk="1"/>
			<spot x="2216.647" y="878.9374" z="266.13162" h="66" random_walk="1"/>
			<spot x="2185.6816" y="928.08887" z="254.75323" h="96" random_walk="1"/>
			<spot x="2231.9272" y="945.42206" z="256.69113" h="63" random_walk="1"/>
		</spawn>
		<spawn npc_id="241657" respawn_time="295">
			<spot x="1978.6116" y="855.24097" z="243.3959" h="112" random_walk="1"/>
			<spot x="1957.195" y="972.58655" z="253.25" h="105" random_walk="1"/>
			<spot x="1940.4419" y="991.1462" z="254.64731" h="5" random_walk="1"/>
			<spot x="1965.5835" y="868.07135" z="245.5868" h="0" random_walk="1"/>
			<spot x="1878.8627" y="935.5625" z="236.51938" h="43" random_walk="1"/>
			<spot x="1961.3666" y="912.79834" z="249.97122" h="0" random_walk="1"/>
			<spot x="1843.0997" y="867.6122" z="223.2351" h="110" random_walk="1"/>
			<spot x="1973.7882" y="948.5182" z="252.375" h="0" random_walk="1"/>
		</spawn>
		<spawn npc_id="241658" respawn_time="295">
			<spot x="1849.3339" y="719.27893" z="212.22003" h="90" random_walk="1"/>
			<spot x="1831.8335" y="699.7585" z="209.61334" h="30" random_walk="1"/>
			<spot x="1859.4484" y="663.8892" z="221.79832" h="0" random_walk="1"/>
			<spot x="1950.9153" y="699.09" z="222.1822" h="96" random_walk="1"/>
			<spot x="1865.1912" y="657.6568" z="222.38635" h="37" random_walk="1"/>
			<spot x="1969.3699" y="711.4582" z="224.02304" h="73" random_walk="1"/>
			<spot x="1981.0242" y="734.0673" z="226.25723" h="14" random_walk="1"/>
			<spot x="1890.8696" y="640.2089" z="225.66061" h="18" random_walk="1"/>
			<spot x="1893.9287" y="625.4814" z="226.90741" h="30" random_walk="1"/>
		</spawn>
		<spawn npc_id="241659" respawn_time="295">
			<spot x="1767.1616" y="998.01685" z="234.87013" h="103" random_walk="1"/>
			<spot x="1847.5872" y="1165.1407" z="249.0" h="75" random_walk="1"/>
			<spot x="1891.1835" y="1154.9877" z="253.26378" h="25" random_walk="1"/>
			<spot x="1949.0933" y="1183.6958" z="251.4697" h="98" random_walk="1"/>
			<spot x="1873.2959" y="1062.3619" z="270.92868" h="36" random_walk="1"/>
			<spot x="1929.3964" y="1065.8549" z="266.4859" h="83" random_walk="1"/>
			<spot x="1867.4756" y="1105.1549" z="263.23062" h="117" random_walk="1"/>
			<spot x="1887.1414" y="1119.0096" z="265.72534" h="32" random_walk="1"/>
			<spot x="1919.8871" y="1152.2498" z="255.2734" h="14" random_walk="1"/>
			<spot x="1847.4375" y="1160.8866" z="248.90546" h="107" random_walk="1"/>
			<spot x="1773.1926" y="922.0123" z="227.45169" h="32" random_walk="1"/>
			<spot x="1836.0264" y="1124.858" z="263.43286" h="0" random_walk="1"/>
		</spawn>
		<spawn npc_id="241660" respawn_time="295">
			<spot x="2010.2874" y="975.0626" z="254.03532" h="69" random_walk="1"/>
			<spot x="1996.3232" y="970.93634" z="253.3548" h="1" random_walk="1"/>
			<spot x="1963.9938" y="1012.673" z="265.04102" h="61" random_walk="1"/>
			<spot x="1857.2162" y="769.15576" z="213.9548" h="5" random_walk="1"/>
			<spot x="1856.4208" y="755.36633" z="217.71906" h="55" random_walk="1"/>
			<spot x="1839.8424" y="738.02057" z="216.69891" h="60" random_walk="1"/>
			<spot x="1954.7063" y="670.24207" z="223.49765" h="14" random_walk="1"/>
			<spot x="1943.5516" y="652.2561" z="221.77174" h="97" random_walk="1"/>
			<spot x="1961.9542" y="644.65924" z="223.03928" h="84" random_walk="1"/>
			<spot x="1949.163" y="620.8454" z="224.13397" h="92" random_walk="1"/>
			<spot x="1763.9714" y="1167.4448" z="264.81094" h="0" random_walk="1"/>
			<spot x="1764.3762" y="1156.4502" z="263.8379" h="97" random_walk="1"/>
			<spot x="1988.349" y="973.1659" z="253.25" h="69" random_walk="1"/>
			<spot x="2011.0894" y="968.57043" z="253.83934" h="110" random_walk="1"/>
			<spot x="1957.6156" y="1094.9033" z="264.94354" h="110" random_walk="1"/>
			<spot x="1944.8258" y="1116.241" z="266.3145" h="47" random_walk="1"/>
			<spot x="1752.4403" y="1155.8314" z="265.43442" h="79" random_walk="1"/>
			<spot x="1758.8983" y="1167.7388" z="265.66492" h="11" random_walk="1"/>
		</spawn>
		<spawn npc_id="241661" respawn_time="295">
			<spot x="1570.9519" y="620.3468" z="200.0527" h="106" random_walk="1"/>
			<spot x="1581.1593" y="616.757" z="200.93927" h="75" random_walk="1"/>
			<spot x="1501.6323" y="629.20874" z="213.15665" h="30" random_walk="1"/>
			<spot x="1439.3545" y="637.3878" z="207.92531" h="12" random_walk="1"/>
			<spot x="1548.7417" y="565.04913" z="197.23465" h="30" random_walk="1"/>
			<spot x="1515.4519" y="536.23083" z="200.25" h="54" random_walk="1"/>
			<spot x="1410.2012" y="533.4945" z="200.2723" h="108" random_walk="1"/>
			<spot x="1343.4834" y="550.4314" z="213.67445" h="86" random_walk="1"/>
			<spot x="1335.8027" y="465.92416" z="208.77658" h="5" random_walk="1"/>
			<spot x="1359.575" y="557.0638" z="198.71545" h="0" random_walk="1"/>
			<spot x="1406.6229" y="540.4813" z="200.66847" h="0" random_walk="1"/>
			<spot x="1401.472" y="467.02957" z="205.36707" h="61" random_walk="1"/>
			<spot x="1482.0682" y="463.0315" z="203.13132" h="5" random_walk="1"/>
			<spot x="1434.7819" y="388.28348" z="197.66998" h="33" random_walk="1"/>
			<spot x="1362.4722" y="377.24857" z="206.06754" h="53" random_walk="1"/>
			<spot x="1331.7605" y="343.2276" z="202.18375" h="47" random_walk="1"/>
			<spot x="1359.6346" y="318.41208" z="197.84924" h="116" random_walk="1"/>
			<spot x="1418.063" y="290.2652" z="197.47028" h="7" random_walk="1"/>
		</spawn>
		<spawn npc_id="241662" respawn_time="295">
			<spot x="1620.3348" y="650.7381" z="207.43024" h="102" random_walk="1"/>
			<spot x="1660.4186" y="627.26416" z="206.94417" h="91" random_walk="1"/>
			<spot x="1530.1888" y="571.91876" z="196.8632" h="113" random_walk="1"/>
			<spot x="1488.5994" y="584.8259" z="199.46408" h="85" random_walk="1"/>
			<spot x="1379.9183" y="579.4814" z="196.9061" h="76" random_walk="1"/>
			<spot x="1454.7363" y="522.45184" z="197.46704" h="50" random_walk="1"/>
			<spot x="1328.2745" y="575.47485" z="196.59668" h="0" random_walk="1"/>
			<spot x="1301.1913" y="549.69696" z="196.4684" h="23" random_walk="1"/>
			<spot x="1326.8915" y="509.11328" z="211.11118" h="106" random_walk="1"/>
			<spot x="1365.9694" y="471.77734" z="208.31955" h="30" random_walk="1"/>
			<spot x="1433.501" y="414.9892" z="197.45226" h="88" random_walk="1"/>
			<spot x="1506.9131" y="445.11407" z="196.22908" h="1" random_walk="1"/>
			<spot x="1396.3547" y="327.6348" z="196.625" h="24" random_walk="1"/>
			<spot x="1439.753" y="340.08267" z="196.625" h="0" random_walk="1"/>
			<spot x="1483.3058" y="373.90497" z="196.625" h="0" random_walk="1"/>
			<spot x="1443.4597" y="586.5169" z="198.50568" h="45" random_walk="1"/>
			<spot x="1373.7643" y="582.75354" z="196.81873" h="85" random_walk="1"/>
			<spot x="1317.7614" y="568.1232" z="196.5" h="8" random_walk="1"/>
			<spot x="1293.2638" y="549.5632" z="196.5" h="0" random_walk="1"/>
		</spawn>
		<spawn npc_id="241663" respawn_time="295">
			<spot x="443.69604" y="393.26633" z="360.76898" h="23" random_walk="1"/>
			<spot x="351.55753" y="495.108" z="361.5148" h="101" random_walk="1"/>
			<spot x="375.32492" y="515.15533" z="357.03903" h="63" random_walk="1"/>
			<spot x="620.9008" y="446.91458" z="319.14798" h="29" random_walk="1"/>
			<spot x="682.3416" y="465.7755" z="310.71646" h="40" random_walk="1"/>
			<spot x="771.4706" y="523.4013" z="311.5" h="31" random_walk="1"/>
			<spot x="830.1579" y="538.6397" z="311.3849" h="46" random_walk="1"/>
			<spot x="819.9246" y="613.9427" z="323.08356" h="93" random_walk="1"/>
			<spot x="854.1019" y="788.2569" z="323.27576" h="54" random_walk="1"/>
			<spot x="807.12366" y="780.1094" z="319.50598" h="4" random_walk="1"/>
			<spot x="804.655" y="894.7585" z="337.91595" h="95" random_walk="1"/>
			<spot x="822.1288" y="978.56036" z="327.76385" h="104" random_walk="1"/>
			<spot x="719.3371" y="1069.1271" z="327.48688" h="111" random_walk="1"/>
			<spot x="696.1228" y="1108.5305" z="329.01465" h="93" random_walk="1"/>
			<spot x="679.9414" y="979.3398" z="338.5874" h="19" random_walk="1"/>
			<spot x="731.6363" y="1136.0995" z="325.82953" h="99" random_walk="1"/>
			<spot x="612.0441" y="919.7913" z="341.818" h="88" random_walk="1"/>
			<spot x="699.4917" y="872.8337" z="331.88028" h="109" random_walk="1"/>
			<spot x="538.6013" y="959.0177" z="344.1059" h="94" random_walk="1"/>
			<spot x="537.11096" y="996.0378" z="342.8171" h="101" random_walk="1"/>
			<spot x="480.9151" y="901.33374" z="338.94992" h="101" random_walk="1"/>
			<spot x="447.4343" y="942.3392" z="337.56842" h="110" random_walk="1"/>
			<spot x="497.60373" y="699.1555" z="326.73056" h="88" random_walk="1"/>
			<spot x="609.2383" y="729.7386" z="331.21555" h="19" random_walk="1"/>
			<spot x="688.2888" y="758.0975" z="325.14304" h="119" random_walk="1"/>
			<spot x="452.5428" y="642.18146" z="331.8153" h="0" random_walk="1"/>
			<spot x="408.3292" y="658.4061" z="329.59808" h="41" random_walk="1"/>
			<spot x="303.94363" y="653.40356" z="331.96622" h="101" random_walk="1"/>
			<spot x="340.71545" y="490.7473" z="365.3639" h="71" random_walk="1"/>
			<spot x="990.45166" y="672.0514" z="319.67175" h="0" random_walk="1"/>
			<spot x="1001.56177" y="743.0785" z="325.48737" h="84" random_walk="1"/>
			<spot x="986.74786" y="708.86694" z="325.97733" h="104" random_walk="1"/>
			<spot x="1036.4734" y="684.9508" z="320.83337" h="78" random_walk="1"/>
			<spot x="1036.7188" y="625.282" z="310.19525" h="39" random_walk="1"/>
		</spawn>
		<spawn npc_id="241664" respawn_time="295">
			<spot x="912.3289" y="770.936" z="327.57553" h="4" random_walk="1"/>
			<spot x="840.38654" y="679.0577" z="316.21527" h="103" random_walk="1"/>
			<spot x="576.47375" y="404.48233" z="334.977" h="42" random_walk="1"/>
			<spot x="579.67633" y="490.80112" z="321.00464" h="1" random_walk="1"/>
			<spot x="522.1108" y="517.1275" z="368.11664" h="56" random_walk="1"/>
			<spot x="571.4192" y="548.6637" z="373.0" h="24" random_walk="1"/>
			<spot x="665.6581" y="525.47394" z="317.37573" h="49" random_walk="1"/>
			<spot x="814.60626" y="522.7756" z="311.375" h="44" random_walk="1"/>
			<spot x="818.02997" y="449.18704" z="305.60086" h="53" random_walk="1"/>
			<spot x="880.2191" y="607.2867" z="313.15274" h="97" random_walk="1"/>
			<spot x="840.6574" y="617.9157" z="313.15274" h="28" random_walk="1"/>
			<spot x="840.2141" y="676.9519" z="316.00037" h="36" random_walk="1"/>
			<spot x="913.39294" y="774.6125" z="327.89813" h="40" random_walk="1"/>
			<spot x="763.66174" y="695.49976" z="317.34375" h="75" random_walk="1"/>
			<spot x="952.63763" y="837.3075" z="349.40314" h="72" random_walk="1"/>
			<spot x="954.05676" y="898.7409" z="349.375" h="53" random_walk="1"/>
			<spot x="834.69586" y="940.75366" z="332.40204" h="9" random_walk="1"/>
			<spot x="806.08325" y="1030.8647" z="317.37628" h="117" random_walk="1"/>
			<spot x="831.92084" y="1098.965" z="337.4397" h="77" random_walk="1"/>
			<spot x="571.1731" y="762.64496" z="325.4223" h="43" random_walk="1"/>
			<spot x="486.43076" y="652.08795" z="331.31543" h="39" random_walk="1"/>
			<spot x="649.288" y="700.7999" z="326.2979" h="40" random_walk="1"/>
			<spot x="594.4289" y="656.9394" z="377.68372" h="38" random_walk="1"/>
			<spot x="691.4703" y="679.12665" z="324.30176" h="50" random_walk="1"/>
			<spot x="681.2037" y="624.98425" z="323.41205" h="36" random_walk="1"/>
			<spot x="515.74445" y="522.72235" z="367.25" h="39" random_walk="1"/>
			<spot x="465.7685" y="561.7967" z="371.64648" h="95" random_walk="1"/>
			<spot x="596.94055" y="597.53033" z="372.0" h="82" random_walk="1"/>
		</spawn>
		<spawn npc_id="241665" respawn_time="295">
			<spot x="879.5194" y="942.4998" z="331.39874" h="107" random_walk="1"/>
			<spot x="834.91455" y="1038.301" z="315.35617" h="71" random_walk="1"/>
			<spot x="703.85925" y="1038.693" z="334.52707" h="64" random_walk="1"/>
			<spot x="660.3653" y="1002.5655" z="346.32068" h="0" random_walk="1"/>
			<spot x="585.3269" y="896.8394" z="342.82687" h="10" random_walk="1"/>
			<spot x="535.6222" y="775.958" z="325.60138" h="64" random_walk="1"/>
			<spot x="430.01294" y="829.01355" z="347.05634" h="70" random_walk="1"/>
			<spot x="411.25534" y="749.6168" z="326.27084" h="110" random_walk="1"/>
			<spot x="416.20905" y="624.36285" z="334.37848" h="78" random_walk="1"/>
			<spot x="325.82172" y="685.0517" z="332.45892" h="13" random_walk="1"/>
			<spot x="258.93048" y="708.4951" z="337.7747" h="50" random_walk="1"/>
			<spot x="283.34982" y="744.1656" z="339.5" h="26" random_walk="1"/>
			<spot x="227.62622" y="766.33215" z="340.14575" h="48" random_walk="1"/>
			<spot x="478.31528" y="872.23895" z="339.16943" h="111" random_walk="1"/>
		</spawn>
		<spawn npc_id="241668" respawn_time="295">
			<spot x="437.68826" y="481.9607" z="364.37714" h="68" random_walk="1"/>
			<spot x="546.02716" y="378.17218" z="341.9677" h="24" random_walk="1"/>
			<spot x="558.3411" y="462.21375" z="322.36646" h="23" random_walk="1"/>
			<spot x="653.91986" y="467.11365" z="315.875" h="31" random_walk="1"/>
			<spot x="594.3134" y="554.93805" z="372.64072" h="17" random_walk="1"/>
			<spot x="496.519" y="513.2817" z="367.0" h="99" random_walk="1"/>
			<spot x="721.88007" y="523.0088" z="316.33563" h="98" random_walk="1"/>
			<spot x="800.6376" y="473.6051" z="308.59467" h="17" random_walk="1"/>
			<spot x="867.7463" y="517.75214" z="310.53058" h="13" random_walk="1"/>
			<spot x="796.2541" y="611.08234" z="323.01028" h="9" random_walk="1"/>
			<spot x="889.45654" y="665.06244" z="318.2165" h="91" random_walk="1"/>
			<spot x="946.43933" y="706.93945" z="327.0" h="98" random_walk="1"/>
			<spot x="894.64386" y="785.58734" z="322.73865" h="93" random_walk="1"/>
			<spot x="779.0804" y="775.1682" z="320.5891" h="66" random_walk="1"/>
			<spot x="708.6258" y="690.1375" z="322.76334" h="20" random_walk="1"/>
			<spot x="965.2613" y="759.98553" z="326.99902" h="68" random_walk="1"/>
			<spot x="850.0296" y="856.3748" z="331.56738" h="29" random_walk="1"/>
			<spot x="897.83435" y="860.6667" z="330.625" h="68" random_walk="1"/>
			<spot x="834.4243" y="985.5463" z="330.8482" h="101" random_walk="1"/>
			<spot x="759.1752" y="1016.85535" z="325.52966" h="72" random_walk="1"/>
			<spot x="744.595" y="886.8826" z="335.43594" h="43" random_walk="1"/>
			<spot x="502.7439" y="926.74963" z="343.87408" h="83" random_walk="1"/>
			<spot x="529.74615" y="790.48083" z="325.40125" h="94" random_walk="1"/>
			<spot x="444.91776" y="849.21643" z="342.88965" h="47" random_walk="1"/>
			<spot x="459.44492" y="775.2496" z="326.7855" h="20" random_walk="1"/>
			<spot x="377.92654" y="606.26074" z="336.0924" h="58" random_walk="1"/>
			<spot x="277.9685" y="643.9181" z="333.37183" h="9" random_walk="1"/>
			<spot x="335.52783" y="561.11926" z="343.41516" h="37" random_walk="1"/>
			<spot x="531.87463" y="620.40186" z="372.03137" h="32" random_walk="1"/>
			<spot x="600.54517" y="625.5295" z="377.11697" h="55" random_walk="1"/>
			<spot x="446.1517" y="855.4703" z="343.85144" h="9" random_walk="1"/>
		</spawn>
		<spawn npc_id="241669" respawn_time="295">
			<spot x="662.0717" y="1638.989" z="330.68185" h="0" random_walk="1"/>
			<spot x="702.0518" y="1548.5428" z="310.46606" h="3" random_walk="1"/>
			<spot x="722.0612" y="1499.8646" z="314.125" h="106" random_walk="1"/>
			<spot x="675.1582" y="1494.4955" z="310.75" h="42" random_walk="1"/>
			<spot x="672.32837" y="1443.3492" z="310.08395" h="8" random_walk="1"/>
			<spot x="631.1559" y="1547.2086" z="311.44864" h="0" random_walk="1"/>
			<spot x="585.6814" y="1608.6271" z="318.45645" h="25" random_walk="1"/>
			<spot x="666.26227" y="1639.2621" z="330.69177" h="36" random_walk="1"/>
			<spot x="527.4398" y="1644.9996" z="314.375" h="61" random_walk="1"/>
			<spot x="602.9101" y="1667.9187" z="324.125" h="93" random_walk="1"/>
			<spot x="755.7166" y="1568.2051" z="309.25793" h="63" random_walk="1"/>
			<spot x="540.6902" y="1737.5573" z="325.51874" h="116" random_walk="1"/>
			<spot x="527.47626" y="1767.7773" z="330.30954" h="87" random_walk="1"/>
			<spot x="507.52838" y="1769.634" z="326.19104" h="63" random_walk="1"/>
			<spot x="497.77722" y="1809.3271" z="327.87323" h="70" random_walk="1"/>
			<spot x="484.57162" y="1705.3711" z="320.78574" h="24" random_walk="1"/>
			<spot x="399.91647" y="1753.4001" z="333.35318" h="101" random_walk="1"/>
			<spot x="404.6541" y="1784.4735" z="329.04553" h="27" random_walk="1"/>
			<spot x="469.65164" y="1752.7974" z="327.77176" h="105" random_walk="1"/>
			<spot x="458.6482" y="1845.7732" z="327.9682" h="15" random_walk="1"/>
			<spot x="393.0125" y="1822.1558" z="332.20776" h="74" random_walk="1"/>
		</spawn>
		<spawn npc_id="241672" respawn_time="295">
			<spot x="757.1177" y="1233.7435" z="319.32117" h="40" random_walk="1"/>
			<spot x="701.4363" y="1243.286" z="322.36508" h="3" random_walk="1"/>
			<spot x="794.077" y="1844.6005" z="289.28754" h="1" random_walk="1"/>
			<spot x="711.67487" y="1869.3063" z="292.33597" h="0" random_walk="1"/>
			<spot x="696.9544" y="1816.7526" z="293.20923" h="1" random_walk="1"/>
			<spot x="681.86884" y="1768.1665" z="295.85486" h="107" random_walk="1"/>
			<spot x="713.3767" y="1623.194" z="310.18063" h="110" random_walk="1"/>
			<spot x="736.4726" y="1514.2412" z="315.28308" h="55" random_walk="1"/>
			<spot x="715.82654" y="1458.601" z="311.1593" h="39" random_walk="1"/>
			<spot x="611.9256" y="1473.7955" z="311.98605" h="104" random_walk="1"/>
			<spot x="706.3522" y="1401.1652" z="312.9492" h="7" random_walk="1"/>
			<spot x="690.4782" y="1335.2133" z="318.03857" h="88" random_walk="1"/>
			<spot x="510.7484" y="1423.0431" z="315.53992" h="7" random_walk="1"/>
			<spot x="477.66943" y="1366.4781" z="315.9071" h="110" random_walk="1"/>
			<spot x="506.04108" y="1275.7283" z="334.12756" h="45" random_walk="1"/>
			<spot x="729.8487" y="1344.8953" z="314.94403" h="85" random_walk="1"/>
			<spot x="610.5946" y="1462.607" z="311.32382" h="51" random_walk="1"/>
			<spot x="623.80164" y="1522.4592" z="311.7624" h="0" random_walk="1"/>
			<spot x="618.2596" y="1589.7439" z="316.12152" h="84" random_walk="1"/>
			<spot x="556.84753" y="1621.5116" z="313.82202" h="24" random_walk="1"/>
			<spot x="684.4648" y="1530.4508" z="311.375" h="0" random_walk="1"/>
			<spot x="725.411" y="1623.21" z="311.23547" h="8" random_walk="1"/>
			<spot x="738.4925" y="1704.5298" z="307.40393" h="14" random_walk="1"/>
			<spot x="706.3301" y="1683.5214" z="307.74792" h="106" random_walk="1"/>
			<spot x="524.2723" y="1736.0823" z="322.1523" h="78" random_walk="1"/>
			<spot x="503.10263" y="1785.4387" z="326.04666" h="34" random_walk="1"/>
			<spot x="397.10223" y="1704.7886" z="319.61816" h="85" random_walk="1"/>
			<spot x="430.753" y="1783.853" z="324.94708" h="100" random_walk="1"/>
			<spot x="465.9212" y="1788.7302" z="325.5843" h="114" random_walk="1"/>
			<spot x="443.0461" y="1884.157" z="330.01556" h="82" random_walk="1"/>
		</spawn>
		<spawn npc_id="240369" respawn_time="295">
			<spot x="2439.4539" y="610.96204" z="287.86484" h="34" random_walk="1"/>
			<spot x="2407.099" y="643.78326" z="287.85913" h="119" random_walk="1"/>
			<spot x="2346.4712" y="667.6783" z="278.16354" h="14" random_walk="1"/>
			<spot x="2342.5552" y="532.3442" z="264.9659" h="51" random_walk="1"/>
			<spot x="2321.781" y="529.95404" z="264.36957" h="118" random_walk="1"/>
			<spot x="2492.1196" y="687.1099" z="299.84634" h="50" random_walk="1"/>
			<spot x="2460.634" y="682.6092" z="298.0183" h="5" random_walk="1"/>
			<spot x="2444.0828" y="674.73364" z="293.81467" h="0" random_walk="1"/>
			<spot x="2429.6008" y="687.55347" z="288.75897" h="119" random_walk="1"/>
			<spot x="2430.6484" y="634.3464" z="290.35483" h="0" random_walk="1"/>
			<spot x="2438.0283" y="613.6543" z="287.8255" h="54" random_walk="1"/>
			<spot x="2390.6367" y="652.4155" z="284.7298" h="78" random_walk="1"/>
			<spot x="2428.9023" y="704.60004" z="287.17087" h="0" random_walk="1"/>
			<spot x="2342.1125" y="668.46063" z="278.10815" h="92" random_walk="1"/>
			<spot x="2259.3362" y="713.5689" z="266.99106" h="76" random_walk="1"/>
			<spot x="2246.644" y="729.1268" z="267.0" h="9" random_walk="1"/>
			<spot x="2322.5488" y="531.7755" z="264.48212" h="89" random_walk="1"/>
			<spot x="2338.4524" y="529.7547" z="264.64978" h="50" random_walk="1"/>
		</spawn>
		<spawn npc_id="240370" respawn_time="295">
			<spot x="2542.9546" y="680.92505" z="303.82288" h="113" random_walk="1"/>
			<spot x="2411.906" y="686.1404" z="287.09274" h="0" random_walk="1"/>
			<spot x="2373.7917" y="704.2894" z="279.97397" h="25" random_walk="1"/>
			<spot x="2346.5562" y="612.8419" z="270.76465" h="117" random_walk="1"/>
			<spot x="2440.1282" y="687.8157" z="292.3284" h="0" random_walk="1"/>
			<spot x="2582.443" y="894.67847" z="255.98529" h="85" random_walk="1"/>
			<spot x="2559.2976" y="729.50714" z="291.2246" h="42" random_walk="1"/>
			<spot x="2545.6714" y="689.4029" z="302.8428" h="97" random_walk="1"/>
			<spot x="2440.1282" y="687.8157" z="292.3284" h="0" random_walk="1"/>
			<spot x="2377.2988" y="706.409" z="280.3702" h="55" random_walk="1"/>
			<spot x="2376.5676" y="635.7291" z="277.0589" h="75" random_walk="1"/>
			<spot x="2352.1704" y="654.5919" z="274.99158" h="12" random_walk="1"/>
		</spawn>
		<spawn npc_id="240371" respawn_time="295">
			<spot x="2471.5974" y="704.093" z="299.02634" h="11" random_walk="1"/>
			<spot x="2477.7847" y="727.1697" z="301.36917" h="31" random_walk="1"/>
			<spot x="2447.8828" y="715.47424" z="299.82016" h="46" random_walk="1"/>
			<spot x="2405.3074" y="721.10583" z="280.0" h="62" random_walk="1"/>
			<spot x="2543.4768" y="995.63513" z="246.02406" h="118" random_walk="1"/>
			<spot x="2553.6934" y="950.0423" z="246.72778" h="2" random_walk="1"/>
			<spot x="2606.9355" y="921.7852" z="256.20462" h="3" random_walk="1"/>
			<spot x="2604.5957" y="902.78296" z="256.27713" h="29" random_walk="1"/>
			<spot x="2554.9504" y="747.08246" z="285.82715" h="0" random_walk="1"/>
			<spot x="2560.5828" y="760.88965" z="283.9793" h="0" random_walk="1"/>
			<spot x="2467.6172" y="704.99005" z="299.3479" h="74" random_walk="1"/>
			<spot x="2407.5857" y="716.0468" z="280.2235" h="0" random_walk="1"/>
			<spot x="2399.7568" y="722.4655" z="280.125" h="0" random_walk="1"/>
			<spot x="2452.9688" y="717.6918" z="300.375" h="0" random_walk="1"/>
		</spawn>
		<spawn npc_id="240375" respawn_time="295">
			<spot x="2038.1195" y="904.8464" z="263.85193" h="44" random_walk="1"/>
			<spot x="2036.029" y="904.87646" z="263.52008" h="1" random_walk="1"/>
			<spot x="1990.5353" y="912.0278" z="251.91191" h="99" random_walk="1"/>
			<spot x="1970.4122" y="974.43414" z="253.0" h="114" random_walk="1"/>
			<spot x="1947.6642" y="945.2934" z="247.74463" h="20" random_walk="1"/>
			<spot x="1934.5858" y="920.6643" z="245.55412" h="28" random_walk="1"/>
			<spot x="1912.7949" y="952.5657" z="249.64774" h="90" random_walk="1"/>
			<spot x="1901.9237" y="939.986" z="243.73993" h="31" random_walk="1"/>
			<spot x="1924.5725" y="815.3803" z="232.24107" h="66" random_walk="1"/>
			<spot x="1905.3381" y="799.5666" z="226.6729" h="36" random_walk="1"/>
			<spot x="1934.532" y="922.2195" z="245.38446" h="49" random_walk="1"/>
			<spot x="1903.3441" y="938.6473" z="243.29956" h="59" random_walk="1"/>
			<spot x="1912.1511" y="954.34607" z="251.21344" h="116" random_walk="1"/>
			<spot x="1949.8898" y="948.8589" z="248.7019" h="54" random_walk="1"/>
			<spot x="1966.7666" y="969.14594" z="253.02371" h="46" random_walk="1"/>
		</spawn>
		<spawn npc_id="240377" respawn_time="295">
			<spot x="2368.7175" y="2514.5515" z="295.94196" h="0" random_walk="1"/>
			<spot x="2428.2603" y="2540.4663" z="296.0" h="0" random_walk="1"/>
			<spot x="2330.0322" y="2463.3013" z="286.25" h="56" random_walk="1"/>
			<spot x="2422.581" y="2478.4753" z="296.066" h="0" random_walk="1"/>
			<spot x="2530.9675" y="2505.9526" z="311.61282" h="33" random_walk="1"/>
			<spot x="2582.2178" y="2546.4087" z="319.5136" h="21" random_walk="1"/>
			<spot x="2677.6348" y="2558.0955" z="306.55054" h="107" random_walk="1"/>
			<spot x="2691.3157" y="2527.1228" z="304.68643" h="42" random_walk="1"/>
			<spot x="2703.38" y="2486.7288" z="305.01166" h="70" random_walk="1"/>
			<spot x="2732.2227" y="2562.332" z="304.51392" h="66" random_walk="1"/>
			<spot x="2706.753" y="2469.3623" z="303.52484" h="90" random_walk="1"/>
			<spot x="2755.0522" y="2576.2832" z="303.03467" h="80" random_walk="1"/>
			<spot x="2739.343" y="2444.7935" z="307.22726" h="36" random_walk="1"/>
		</spawn>
		<spawn npc_id="240378" respawn_time="295">
			<spot x="2428.5095" y="2409.0078" z="287.09583" h="34" random_walk="1"/>
			<spot x="2380.4336" y="2456.6938" z="293.68607" h="60" random_walk="1"/>
			<spot x="2428.716" y="2468.9536" z="296.17255" h="22" random_walk="1"/>
			<spot x="2338.0503" y="2417.6526" z="284.31354" h="0" random_walk="1"/>
			<spot x="2400.1729" y="2509.0383" z="296.25" h="70" random_walk="1"/>
			<spot x="2453.435" y="2532.038" z="301.18005" h="9" random_walk="1"/>
			<spot x="2316.008" y="2445.7246" z="286.89117" h="0" random_walk="1"/>
			<spot x="2311.2974" y="2507.7524" z="287.7291" h="57" random_walk="1"/>
			<spot x="2322.1687" y="2529.7793" z="291.28162" h="93" random_walk="1"/>
			<spot x="2365.3267" y="2579.4685" z="295.05963" h="113" random_walk="1"/>
			<spot x="2369.1877" y="2571.0562" z="295.43768" h="94" random_walk="1"/>
			<spot x="2359.8477" y="2462.8093" z="288.32172" h="86" random_walk="1"/>
			<spot x="2401.0955" y="2512.3845" z="296.32935" h="0" random_walk="1"/>
		</spawn>
		<spawn npc_id="240381" respawn_time="295">
			<spot x="1747.2454" y="703.28754" z="210.86053" h="0" random_walk="1"/>
			<spot x="1720.2181" y="720.2966" z="216.15552" h="77" random_walk="1"/>
			<spot x="1721.7002" y="750.9987" z="216.39359" h="105" random_walk="1"/>
			<spot x="1602.5917" y="739.5575" z="225.58917" h="114" random_walk="1"/>
			<spot x="1718.2743" y="736.178" z="215.49245" h="0" random_walk="1"/>
			<spot x="1540.7847" y="674.49493" z="218.22377" h="8" random_walk="1"/>
			<spot x="1471.0009" y="681.0386" z="232.61761" h="3" random_walk="1"/>
			<spot x="1452.2395" y="718.7199" z="236.12509" h="49" random_walk="1"/>
			<spot x="1401.1317" y="690.8749" z="234.7352" h="17" random_walk="1"/>
			<spot x="1356.7335" y="647.6938" z="219.52176" h="60" random_walk="1"/>
			<spot x="1381.6095" y="721.81885" z="245.32056" h="93" random_walk="1"/>
			<spot x="1407.2551" y="750.9998" z="244.93748" h="71" random_walk="1"/>
			<spot x="1430.6477" y="737.6682" z="240.94806" h="72" random_walk="1"/>
			<spot x="1330.9911" y="766.83563" z="254.32922" h="105" random_walk="1"/>
			<spot x="1349.5043" y="739.98303" z="252.97086" h="15" random_walk="1"/>
			<spot x="1356.1366" y="765.7268" z="254.06525" h="108" random_walk="1"/>
			<spot x="1671.2032" y="762.7025" z="225.43152" h="108" random_walk="1"/>
			<spot x="1510.0468" y="714.905" z="225.97937" h="110" random_walk="1"/>
		</spawn>
		<spawn npc_id="240382" respawn_time="295">
			<spot x="1633.3806" y="715.4217" z="225.25" h="17" random_walk="1"/>
			<spot x="1556.8268" y="731.7976" z="223.56175" h="57" random_walk="1"/>
			<spot x="1241.2445" y="528.6638" z="275.375" h="105" random_walk="1"/>
			<spot x="1316.9214" y="811.95044" z="260.7416" h="108" random_walk="1"/>
			<spot x="1176.3597" y="678.95233" z="280.5595" h="111" random_walk="1"/>
			<spot x="1104.2559" y="451.75403" z="291.5294" h="20" random_walk="1"/>
			<spot x="1309.7561" y="849.10474" z="260.13184" h="2" random_walk="1"/>
			<spot x="1274.7361" y="715.3993" z="267.05737" h="58" random_walk="1"/>
			<spot x="1239.347" y="735.7675" z="268.29556" h="10" random_walk="1"/>
			<spot x="1194.056" y="718.6867" z="276.17288" h="34" random_walk="1"/>
			<spot x="1230.197" y="494.48828" z="275.375" h="38" random_walk="1"/>
			<spot x="1208.4175" y="647.14264" z="277.45898" h="29" random_walk="1"/>
			<spot x="999.47766" y="485.33173" z="304.20825" h="92" random_walk="1"/>
			<spot x="1485.7228" y="721.7303" z="231.5693" h="99" random_walk="1"/>
			<spot x="1626.2194" y="751.6344" z="226.58844" h="106" random_walk="1"/>
			<spot x="1387.6366" y="767.09045" z="247.11359" h="81" random_walk="1"/>
			<spot x="1265.2094" y="772.7607" z="256.82745" h="20" random_walk="1"/>
			<spot x="1358.2073" y="833.47595" z="259.40775" h="3" random_walk="1"/>
			<spot x="1123.6313" y="588.93713" z="285.8316" h="100" random_walk="1"/>
			<spot x="1095.6418" y="636.5937" z="297.119" h="7" random_walk="1"/>
			<spot x="1106.8589" y="402.43323" z="289.20575" h="69" random_walk="1"/>
			<spot x="998.3474" y="508.19473" z="305.0148" h="103" random_walk="1"/>
			<spot x="1167.5746" y="599.25037" z="287.58267" h="5" random_walk="1"/>
			<spot x="1320.0702" y="744.776" z="255.0765" h="51" random_walk="1"/>
			<spot x="1096.7355" y="512.4601" z="288.57904" h="21" random_walk="1"/>
		</spawn>
		<spawn npc_id="240389" respawn_time="295">
			<spot x="2368.7175" y="2514.5515" z="295.94196" h="0" random_walk="1"/>
			<spot x="2428.2603" y="2540.4663" z="296.0" h="0" random_walk="1"/>
			<spot x="2330.0322" y="2463.3013" z="286.25" h="56" random_walk="1"/>
			<spot x="2422.581" y="2478.4753" z="296.066" h="0" random_walk="1"/>
			<spot x="2530.9675" y="2505.9526" z="311.61282" h="33" random_walk="1"/>
			<spot x="2582.2178" y="2546.4087" z="319.5136" h="21" random_walk="1"/>
			<spot x="2677.6348" y="2558.0955" z="306.55054" h="107" random_walk="1"/>
			<spot x="2691.3157" y="2527.1228" z="304.68643" h="42" random_walk="1"/>
			<spot x="2703.38" y="2486.7288" z="305.01166" h="70" random_walk="1"/>
			<spot x="2732.2227" y="2562.332" z="304.51392" h="66" random_walk="1"/>
			<spot x="2706.753" y="2469.3623" z="303.52484" h="90" random_walk="1"/>
			<spot x="2755.0522" y="2576.2832" z="303.03467" h="80" random_walk="1"/>
			<spot x="2739.343" y="2444.7935" z="307.22726" h="36" random_walk="1"/>
		</spawn>
		<spawn npc_id="240390" respawn_time="295">
			<spot x="2100.2798" y="2417.6257" z="272.21204" h="61" random_walk="1"/>
			<spot x="2135.243" y="2384.284" z="272.5828" h="49" random_walk="1"/>
			<spot x="2106.524" y="2454.7356" z="271.1253" h="113" random_walk="1"/>
			<spot x="2134.1082" y="2434.7478" z="273.25677" h="68" random_walk="1"/>
			<spot x="2170.1218" y="2350.6348" z="275.73477" h="68" random_walk="1"/>
			<spot x="2166.3818" y="2468.5505" z="272.09735" h="35" random_walk="1"/>
			<spot x="2223.1064" y="2423.31" z="274.91376" h="10" random_walk="1"/>
			<spot x="2212.2039" y="2345.8313" z="269.96506" h="0" random_walk="1"/>
			<spot x="2283.4543" y="2448.8413" z="285.72604" h="113" random_walk="1"/>
			<spot x="2299.8467" y="2478.394" z="286.125" h="58" random_walk="1"/>
			<spot x="2310.0176" y="2525.8289" z="289.24152" h="64" random_walk="1"/>
			<spot x="2233.0618" y="2500.464" z="277.88333" h="27" random_walk="1"/>
			<spot x="2267.6047" y="2546.089" z="283.49332" h="36" random_walk="1"/>
			<spot x="2212.125" y="2542.645" z="279.06375" h="30" random_walk="1"/>
			<spot x="2266.7683" y="2589.675" z="281.56534" h="57" random_walk="1"/>
			<spot x="2345.1401" y="2600.4302" z="288.24655" h="7" random_walk="1"/>
		</spawn>
		<spawn npc_id="241177" respawn_time="295">
			<spot x="2200.3086" y="2291.4092" z="268.38025" h="18" random_walk="1"/>
			<spot x="2249.1418" y="2331.3484" z="268.22983" h="109" random_walk="1"/>
			<spot x="2288.363" y="2312.2153" z="273.3728" h="82" random_walk="1"/>
			<spot x="2268.3555" y="2194.16" z="259.1332" h="8" random_walk="1"/>
			<spot x="2349.1152" y="2204.5823" z="272.6879" h="0" random_walk="1"/>
			<spot x="2345.1816" y="2130.2324" z="249.875" h="71" random_walk="1"/>
			<spot x="2378.9175" y="2175.5107" z="264.1418" h="97" random_walk="1"/>
			<spot x="2413.465" y="2164.4324" z="261.75" h="0" random_walk="1"/>
			<spot x="2352.357" y="2031.4048" z="247.47028" h="11" random_walk="1"/>
			<spot x="2464.3967" y="1977.8185" z="251.20149" h="78" random_walk="1"/>
			<spot x="2492.1257" y="2150.3406" z="249.00786" h="29" random_walk="1"/>
			<spot x="2442.9473" y="2233.8577" z="272.1269" h="24" random_walk="1"/>
			<spot x="2397.326" y="2257.2998" z="272.71936" h="11" random_walk="1"/>
			<spot x="2451.2537" y="2344.0498" z="272.7096" h="118" random_walk="1"/>
			<spot x="2384.345" y="2306.3833" z="277.10345" h="37" random_walk="1"/>
			<spot x="2407.2366" y="2370.5247" z="279.5211" h="77" random_walk="1"/>
			<spot x="2322.9226" y="2382.1497" z="276.60907" h="17" random_walk="1"/>
		</spawn>
		<spawn npc_id="241178" respawn_time="295">
			<spot x="2260.6648" y="2306.9058" z="272.36078" h="110" random_walk="1"/>
			<spot x="2222.384" y="2247.5767" z="265.5734" h="28" random_walk="1"/>
			<spot x="2233.642" y="2193.4778" z="265.69766" h="80" random_walk="1"/>
			<spot x="2331.8765" y="2161.4365" z="252.445" h="4" random_walk="1"/>
			<spot x="2379.9307" y="2212.3162" z="268.82297" h="63" random_walk="1"/>
			<spot x="2366.2222" y="2088.7039" z="249.9725" h="93" random_walk="1"/>
			<spot x="2411.0784" y="2187.019" z="263.2254" h="69" random_walk="1"/>
			<spot x="2490.088" y="1950.7065" z="254.24078" h="21" random_walk="1"/>
			<spot x="2479.4446" y="1929.9286" z="251.44443" h="67" random_walk="1"/>
			<spot x="2426.0566" y="2218.3137" z="265.16122" h="18" random_walk="1"/>
			<spot x="2467.2124" y="2285.141" z="265.86456" h="116" random_walk="1"/>
			<spot x="2412.1418" y="2313.1506" z="276.19183" h="7" random_walk="1"/>
			<spot x="2375.1343" y="2325.2014" z="276.875" h="13" random_walk="1"/>
		</spawn>
		<spawn npc_id="240384" respawn_time="295">
			<spot x="2087.944" y="2445.677" z="273.98956" h="56" random_walk="1"/>
			<spot x="2150.0059" y="2362.4426" z="278.7218" h="96" random_walk="1"/>
			<spot x="2126.455" y="2485.6145" z="269.28967" h="106" random_walk="1"/>
			<spot x="2102.7986" y="2537.3406" z="266.125" h="93" random_walk="1"/>
			<spot x="2115.339" y="2531.0073" z="265.91632" h="97" random_walk="1"/>
			<spot x="2160.96" y="2296.7502" z="276.10123" h="99" random_walk="1"/>
			<spot x="2211.5" y="2314.5554" z="268.19965" h="98" random_walk="1"/>
			<spot x="2384.2798" y="2122.9502" z="265.06442" h="15" random_walk="1"/>
			<spot x="2432.0154" y="2134.205" z="266.34946" h="62" random_walk="1"/>
			<spot x="2421.4165" y="2046.3589" z="257.09692" h="42" random_walk="1"/>
			<spot x="2424.6787" y="2012.8654" z="246.81801" h="101" random_walk="1"/>
			<spot x="2343.131" y="2343.916" z="275.88025" h="112" random_walk="1"/>
			<spot x="2194.8113" y="2391.281" z="275.8594" h="99" random_walk="1"/>
			<spot x="2185.1387" y="2520.0566" z="271.1861" h="69" random_walk="1"/>
			<spot x="2172.5173" y="2512.7239" z="266.847" h="98" random_walk="1"/>
			<spot x="2226.9458" y="2569.1934" z="278.46906" h="99" random_walk="1"/>
		</spawn>
		<spawn npc_id="240383" respawn_time="295">
			<spot x="1041.4313" y="2413.3943" z="247.29361" h="4" random_walk="1"/>
			<spot x="1063.7312" y="2487.1743" z="230.77167" h="77" random_walk="1"/>
			<spot x="1187.4025" y="2483.2383" z="203.9497" h="28" random_walk="1"/>
			<spot x="1204.3748" y="2588.8706" z="198.64723" h="70" random_walk="1"/>
			<spot x="1230.8992" y="2701.3818" z="203.21385" h="59" random_walk="1"/>
			<spot x="1245.4043" y="2764.9746" z="197.875" h="3" random_walk="1"/>
			<spot x="1231.2559" y="2823.1138" z="197.06961" h="115" random_walk="1"/>
			<spot x="1289.1941" y="2724.3442" z="200.34613" h="13" random_walk="1"/>
			<spot x="1333.2002" y="2534.6704" z="201.72574" h="69" random_walk="1"/>
			<spot x="1316.9325" y="2409.3765" z="198.0" h="44" random_walk="1"/>
			<spot x="1244.304" y="2389.6042" z="199.39973" h="72" random_walk="1"/>
			<spot x="1374.1545" y="2317.005" z="208.80315" h="42" random_walk="1"/>
			<spot x="1320.2998" y="2277.6248" z="213.1372" h="75" random_walk="1"/>
			<spot x="1331.0825" y="2181.619" z="219.71967" h="50" random_walk="1"/>
			<spot x="1300.0684" y="2072.718" z="230.59612" h="28" random_walk="1"/>
			<spot x="1293.9482" y="2008.2291" z="241.95058" h="11" random_walk="1"/>
			<spot x="1161.817" y="2032.6687" z="245.52325" h="74" random_walk="1"/>
			<spot x="1224.3993" y="1973.2625" z="244.10413" h="2" random_walk="1"/>
			<spot x="1248.1261" y="1922.5391" z="257.78607" h="15" random_walk="1"/>
			<spot x="1414.6582" y="2570.4563" z="205.16614" h="30" random_walk="1"/>
			<spot x="1465.3301" y="2587.7002" z="205.25" h="45" random_walk="1"/>
			<spot x="1511.3787" y="2671.1882" z="200.82018" h="62" random_walk="1"/>
			<spot x="1439.1079" y="2708.009" z="196.625" h="115" random_walk="1"/>
		</spawn>
		<spawn npc_id="240372" respawn_time="295">
			<spot x="761.0245" y="1967.5569" z="295.91315" h="59" random_walk="1"/>
			<spot x="828.34705" y="1959.3824" z="296.03314" h="40" random_walk="1"/>
			<spot x="785.2717" y="2020.9141" z="294.9884" h="82" random_walk="1"/>
			<spot x="836.3751" y="2086.853" z="287.01196" h="56" random_walk="1"/>
			<spot x="812.47754" y="2096.16" z="285.31305" h="81" random_walk="1"/>
			<spot x="625.4908" y="2207.877" z="291.1683" h="11" random_walk="1"/>
			<spot x="605.1938" y="2165.6858" z="289.34882" h="39" random_walk="1"/>
			<spot x="649.2762" y="2193.6575" z="291.8988" h="59" random_walk="1"/>
			<spot x="640.625" y="2173.47" z="291.6457" h="90" random_walk="1"/>
			<spot x="683.525" y="2192.249" z="304.38205" h="77" random_walk="1"/>
			<spot x="691.55585" y="2174.7085" z="289.6094" h="67" random_walk="1"/>
			<spot x="598.253" y="2140.437" z="292.7869" h="15" random_walk="1"/>
			<spot x="655.0099" y="2090.9893" z="290.18683" h="24" random_walk="1"/>
			<spot x="700.6379" y="2059.248" z="290.21286" h="31" random_walk="1"/>
		</spawn>
		<spawn npc_id="240373" respawn_time="295">
			<spot x="787.07825" y="1974.3209" z="292.89612" h="103" random_walk="1"/>
			<spot x="820.89636" y="2040.0905" z="293.05038" h="5" random_walk="1"/>
			<spot x="791.5928" y="2080.0908" z="291.875" h="114" random_walk="1"/>
			<spot x="724.8" y="2069.9563" z="290.9261" h="104" random_walk="1"/>
			<spot x="787.6763" y="2179.9875" z="266.37735" h="17" random_walk="1"/>
			<spot x="761.32666" y="2246.3933" z="255.89763" h="93" random_walk="1"/>
			<spot x="826.5285" y="2264.9583" z="258.69012" h="117" random_walk="1"/>
			<spot x="810.69086" y="2290.5857" z="254.95529" h="3" random_walk="1"/>
			<spot x="858.3315" y="2347.227" z="256.71475" h="103" random_walk="1"/>
			<spot x="799.9783" y="2358.9365" z="254.75" h="74" random_walk="1"/>
			<spot x="760.8673" y="2388.5237" z="259.25" h="82" random_walk="1"/>
			<spot x="721.4356" y="2407.7063" z="261.2807" h="113" random_walk="1"/>
			<spot x="574.77435" y="2236.8958" z="283.19403" h="108" random_walk="1"/>
			<spot x="510.89062" y="2224.862" z="290.2928" h="41" random_walk="1"/>
			<spot x="575.71826" y="2162.3225" z="284.21222" h="78" random_walk="1"/>
			<spot x="476.6538" y="2201.051" z="299.49603" h="10" random_walk="1"/>
			<spot x="483.94485" y="2423.1436" z="236.08252" h="68" random_walk="1"/>
			<spot x="553.9478" y="2462.317" z="256.44733" h="0" random_walk="1"/>
			<spot x="574.9309" y="2373.98" z="261.81134" h="0" random_walk="1"/>
			<spot x="836.73065" y="1987.6691" z="294.65" h="63" random_walk="1"/>
		</spawn>
		<spawn npc_id="240374" respawn_time="295">
			<spot x="2446.6677" y="637.22705" z="295.48407" h="2" random_walk="1"/>
			<spot x="2395.3381" y="536.73584" z="268.2546" h="59" random_walk="1"/>
			<spot x="2363.6265" y="551.03375" z="267.56885" h="117" random_walk="1"/>
			<spot x="2378.2722" y="507.60956" z="269.6154" h="6" random_walk="1"/>
			<spot x="2517.5176" y="663.8585" z="305.82718" h="13" random_walk="1"/>
			<spot x="2479.5022" y="662.88696" z="300.46243" h="97" random_walk="1"/>
			<spot x="2516.9285" y="615.6909" z="309.12634" h="48" random_walk="1"/>
			<spot x="2473.6946" y="615.0595" z="302.22974" h="15" random_walk="1"/>
			<spot x="2338.4153" y="595.57556" z="270.66196" h="81" random_walk="1"/>
			<spot x="2355.9902" y="436.20145" z="265.625" h="0" random_walk="1"/>
			<spot x="2403.6213" y="477.84085" z="269.67902" h="5" random_walk="1"/>
			<spot x="2356.5283" y="397.72784" z="267.21347" h="0" random_walk="1"/>
			<spot x="2444.204" y="587.7806" z="287.12405" h="0" random_walk="1"/>
			<spot x="2398.7888" y="590.98987" z="271.4862" h="0" random_walk="1"/>
		</spawn>
		<spawn npc_id="240376" respawn_time="295">
			<spot x="2439.4539" y="610.96204" z="287.86484" h="34" random_walk="1"/>
			<spot x="2407.099" y="643.78326" z="287.85913" h="119" random_walk="1"/>
			<spot x="2346.4712" y="667.6783" z="278.16354" h="14" random_walk="1"/>
			<spot x="2342.5552" y="532.3442" z="264.9659" h="51" random_walk="1"/>
			<spot x="2321.781" y="529.95404" z="264.36957" h="118" random_walk="1"/>
			<spot x="2492.1196" y="687.1099" z="299.84634" h="50" random_walk="1"/>
			<spot x="2460.634" y="682.6092" z="298.0183" h="5" random_walk="1"/>
			<spot x="2444.0828" y="674.73364" z="293.81467" h="0" random_walk="1"/>
			<spot x="2429.6008" y="687.55347" z="288.75897" h="119" random_walk="1"/>
			<spot x="2430.6484" y="634.3464" z="290.35483" h="0" random_walk="1"/>
			<spot x="2438.0283" y="613.6543" z="287.8255" h="54" random_walk="1"/>
			<spot x="2390.6367" y="652.4155" z="284.7298" h="78" random_walk="1"/>
			<spot x="2428.9023" y="704.60004" z="287.17087" h="0" random_walk="1"/>
			<spot x="2342.1125" y="668.46063" z="278.10815" h="92" random_walk="1"/>
			<spot x="2259.3362" y="713.5689" z="266.99106" h="76" random_walk="1"/>
			<spot x="2246.644" y="729.1268" z="267.0" h="9" random_walk="1"/>
			<spot x="2322.5488" y="531.7755" z="264.48212" h="89" random_walk="1"/>
			<spot x="2338.4524" y="529.7547" z="264.64978" h="50" random_walk="1"/>
		</spawn>
		<spawn npc_id="241508" respawn_time="295">
			<spot x="1973.1863" y="978.80005" z="253.3407" h="90"/>
			<spot x="1956.8716" y="854.2893" z="242.3305" h="0"/>
			<spot x="1938.1434" y="963.8455" z="254.98207" h="30"/>
			<spot x="1972.6204" y="898.08057" z="252.23993" h="0"/>
			<spot x="1840.8213" y="862.005" z="222.17696" h="30"/>
			<spot x="1972.5372" y="812.3424" z="237.71652" h="0"/>
		</spawn>
		<spawn npc_id="241501" respawn_time="295">
			<spot x="2305.863" y="2634.9487" z="281.0443" h="0"/>
			<spot x="2383.4622" y="2525.9568" z="296.0" h="0"/>
			<spot x="2419.4436" y="2584.4773" z="299.049" h="0"/>
			<spot x="2354.9998" y="2456.618" z="286.3318" h="30"/>
			<spot x="2475.3413" y="2569.3738" z="304.94745" h="0"/>
			<spot x="2436.8909" y="2470.1057" z="297.30862" h="0"/>
			<spot x="2505.8647" y="2494.4749" z="305.3304" h="0"/>
			<spot x="2548.0298" y="2492.2812" z="315.375" h="0"/>
		</spawn>
		<spawn npc_id="240379" respawn_time="295">
			<spot x="1909.354" y="2417.8298" z="270.55948" h="57"/>
			<spot x="1831.368" y="2298.4487" z="258.53195" h="87"/>
			<spot x="1818.8971" y="2233.8584" z="258.94562" h="78"/>
			<spot x="1942.6174" y="2299.0325" z="268.34048" h="58"/>
			<spot x="1963.0162" y="2292.6584" z="267.41608" h="63"/>
			<spot x="1926.6315" y="2347.71" z="272.57806" h="97"/>
			<spot x="1921.4734" y="2377.6072" z="268.90143" h="112"/>
			<spot x="1939.8185" y="2393.3027" z="272.15723" h="101"/>
		</spawn>
		<!-- Spyr (Asmo)-->
        <spawn npc_id="278054" respawn_time="10">
			<spot h="22" z="309.980" y="2484.640" x="2808.230"/>
         </spawn>
		<!-- Claudia (Elyos)-->
        <spawn npc_id="278554" respawn_time="10">
            <spot h="10" z="319.557" y="535.911" x="2583.170"/>
        </spawn>
		<!-- Black Cloud Traders Administrator(Elyos) -->
		<spawn npc_id="831985" respawn_time="10">
			<spot x="2613.470" y="568.795" z="319.557" h="79"/>
        </spawn>
		<!-- Black Cloud Traders Administrator(Asmo) -->
		<spawn npc_id="831986" respawn_time="10">
			<spot x="2815.430" y="2527.260" z="309.980" h="92"/>
        </spawn>
		<!-- Vernea -->
		<spawn npc_id="804782" respawn_time="10">
			<spot x="326.65497" y="426.64972" z="369.76425"/>
			<spot x="2691.1" y="485.675" z="323.377" h="54"/>
		</spawn>
		<!-- Migrak -->
		<spawn npc_id="804753" respawn_time="10">
			<spot x="453.75232" y="2650.922" z="285.02878"/>
			<spot x="2928.15" y="2505.77" z="313.8" h="69"/>
        </spawn>
	</spawn_map>
</spawns>